{"weights":[0.2180761231899814,0.1903872638197537,-0.305202594500459,-0.2999982503831606,0.32411778729212276,-0.271079585608149,0.09118887766268363,-0.20954562634474996,-0.13075256700739038,0.01740132687936395,-0.29210454274963576,-0.15875650163721564,-0.272607732824913,-0.12867318330236283,-0.09462945426752836,0.13806276377720847,-0.13538044162789584,-0.22753907681620703,-0.000550206262298852,-0.248500963762924,0.2501583185655696,-0.3992218802710648,-0.1896615565787851,0.053196162804620334,-0.021957862473910576],"b":-0.5587694084356972}